{
  "state": [
    [
      96.10163141361227,
      61.28826958300655,
      -2.0621353815158123
    ],
    [
      79.74947121963864,
      68.98628530637667,
      -1.074699025008895
    ],
    [
      9.73282666864083,
      29.748839881897684,
      2.833245152127089
    ],
    [
      11.463495032003484,
      15.259922958327685,
      2.8271219801114156
    ],
    [
      83.07334222654178,
      67.00013767166749,
      -1.106478588133444
    ],
    [
      55.28145867381703,
      58.82076079641253,
      3.0410492367021846
    ],
    [
      34.952234717239875,
      71.88261933367893,
      -0.013970544699980332
    ],
    [
      84.18234526395938,
      62.61885851636101,
      -1.1764429975241584
    ],
    [
      56.92288929407545,
      39.19274446059341,
      -2.8069056440397224
    ],
    [
      6.0151474964336,
      70.42407660153097,
      -1.9479512396829324
    ]
  ],
  "int_matrix": [
    [
      "F"
    ]
  ],
  "int_rad": 5.0,
  "sigma_theta": 0.05,
  "v_max": 0.5,
  "torus_len": 100.0
}